incident_number,data_hora_abertura,data_hora_fechamento,co_prioridade,ds_crise_grave,co_tipo_incidente,sigla,co_motivo_status,co_impacto,duracao_resolucao_horas,data_abertura
INC1000000,2024/11/23 03:01:00,2024-11-23 08:07:58.692342,1,Sem Informação,0,SIPBS,22000,4000,5.12,2024-11-23
INC1000001,2024/01/16 02:13:00,2024-01-16 04:49:25.435986,0,Grave,0,SIPCS,22000,2000,2.61,2024-01-16
INC1000002,2024/01/04 05:44:00,2024-01-04 07:12:21.178905,1,Sem Informação,0,SIISO,21000,3000,1.47,2024-01-04
INC1000003,2024/06/25 19:16:00,2024-06-26 03:33:23.369034,0,Grave,0,SILCE,21000,1000,8.29,2024-06-25
INC1000004,2024/04/08 22:04:00,2024-04-08 23:21:51.518273,1,Sem Informação,2,SIMPI,21000,4000,1.3,2024-04-08
INC1000005,2024/08/20 20:53:00,2024-08-20 22:40:44.280186,1,Sem Informação,0,SIISO,21000,3000,1.8,2024-08-20
INC1000006,2024/11/21 05:34:00,2024-11-21 12:36:08.316723,0,Crise,0,SIPCS,7000,1000,7.04,2024-11-21
INC1000007,2024/06/10 12:17:00,2024-06-10 15:58:45.515165,1,Sem Informação,0,SINBC,21000,3000,3.7,2024-06-10
INC1000008,2024/11/25 14:09:00,2024-11-25 15:30:47.506597,1,Sem Informação,0,SIPCS,22000,3000,1.36,2024-11-25
INC1000009,2024/07/04 07:08:00,2024-07-04 07:57:05.458593,1,Sem Informação,0,SIBEC,17000,2000,0.82,2024-07-04
INC1000010,2024/11/01 02:24:00,2024-11-01 06:23:11.129391,0,Grave,2,SIPCS,21000,2000,3.99,2024-11-01
INC1000011,2024/10/01 08:49:00,2024-10-01 09:42:25.557387,0,Grave,0,SILCE,8000,1000,0.89,2024-10-01
INC1000012,2024/04/01 16:58:00,2024-04-01 19:39:18.782439,1,Sem Informação,0,SIPCS,22000,2000,2.69,2024-04-01
INC1000013,2024/09/28 00:38:00,2024-09-28 01:12:05.406954,1,Sem Informação,0,SISPI,21000,4000,0.57,2024-09-28
INC1000014,2024/10/17 02:05:00,2024-10-17 13:54:25.953418,1,Sem Informação,0,SIPCS,22000,2000,11.82,2024-10-17
INC1000015,2024/05/15 16:55:00,2024-05-15 20:47:30.972616,1,Sem Informação,0,SIPCS,21000,3000,3.88,2024-05-15
INC1000016,2024/12/09 20:23:00,2024-12-09 22:41:41.455597,0,Crise,0,SIPBS,22000,1000,2.31,2024-12-09
INC1000017,2024/01/04 02:45:00,2024-01-04 04:03:04.666476,1,Sem Informação,0,SIBEC,17000,2000,1.3,2024-01-04
INC1000018,2024/04/19 17:08:00,2024-04-20 01:44:34.895512,1,Sem Informação,0,SIISO,21000,4000,8.61,2024-04-19
INC1000019,2024/08/08 11:27:00,2024-08-08 14:58:24.343029,1,Sem Informação,0,SIBEC,22000,4000,3.52,2024-08-08
INC1000020,2024/06/22 03:15:00,2024-06-22 05:37:37.200499,1,Sem Informação,0,SIPAS,8000,2000,2.38,2024-06-22
INC1000021,2024/08/14 17:06:00,2024-08-14 21:05:50.959102,1,Sem Informação,2,SIBEC,21000,4000,4.0,2024-08-14
INC1000022,2024/09/05 15:13:00,2024-09-06 09:08:36.970934,1,Sem Informação,0,SIBEC,22000,2000,17.93,2024-09-05
INC1000023,2024/08/04 22:46:00,2024-08-05 08:30:50.158329,0,Grave,0,SIPAS,21000,1000,9.75,2024-08-04
INC1000024,2024/06/09 01:03:00,2024-06-09 03:18:35.914825,0,Sem Informação,0,SIPCS,21000,3000,2.26,2024-06-09
INC1000025,2024/10/31 02:43:00,2024-10-31 14:14:57.968464,0,Grave,0,SINBC,22000,2000,11.53,2024-10-31
INC1000026,2024/09/24 10:59:00,2024-09-24 13:49:38.547282,0,Crise,0,SISPI,21000,1000,2.84,2024-09-24
INC1000027,2024/02/07 00:29:00,2024-02-07 02:57:13.719935,0,Grave,0,SIPBS,7000,1000,2.47,2024-02-07
INC1000028,2024/05/05 11:18:00,2024-05-05 14:43:05.186428,1,Sem Informação,0,SIMPI,21000,4000,3.42,2024-05-05
INC1000029,2024/10/10 09:59:00,2024-10-10 13:46:10.518049,0,Sem Informação,0,SIPAS,21000,3000,3.79,2024-10-10
INC1000030,2024/05/24 19:13:00,2024-05-25 04:17:26.053216,1,Sem Informação,2,SIMPI,21000,2000,9.07,2024-05-24
INC1000031,2024/11/20 13:53:00,2024-11-20 14:23:44.675683,1,Sem Informação,0,SIPAS,22000,2000,0.51,2024-11-20
INC1000032,2024/08/06 17:00:00,2024-08-06 20:48:27.641832,1,Sem Informação,0,SIPAS,21000,4000,3.81,2024-08-06
INC1000033,2024/03/06 01:19:00,2024-03-06 05:04:56.908933,1,Sem Informação,0,SIBEC,21000,2000,3.77,2024-03-06
INC1000034,2024/10/13 13:39:00,2024-10-14 10:10:21.158257,1,Sem Informação,2,SIPAS,21000,4000,20.52,2024-10-13
INC1000035,2024/06/19 13:51:00,2024-06-19 16:55:21.724989,0,Sem Informação,0,SIISO,7000,2000,3.07,2024-06-19
INC1000036,2024/04/23 06:52:00,2024-04-23 17:25:51.447772,0,Grave,0,SIISO,21000,2000,10.56,2024-04-23
INC1000037,2024/05/22 11:41:00,2024-05-22 14:33:41.928291,1,Sem Informação,2,SIPCS,21000,2000,2.88,2024-05-22
INC1000038,2024/10/24 08:02:00,2024-10-24 10:03:15.503358,1,Sem Informação,0,SISPI,7000,4000,2.02,2024-10-24
INC1000039,2024/04/07 08:02:00,2024-04-07 19:26:16.564766,1,Sem Informação,0,SIPCS,21000,4000,11.4,2024-04-07
INC1000040,2024/08/08 02:42:00,2024-08-08 12:00:25.559316,1,Sem Informação,0,SIPBS,22000,3000,9.31,2024-08-08
INC1000041,2024/07/25 22:18:00,2024-07-25 23:28:17.185172,1,Sem Informação,0,SILCE,21000,4000,1.17,2024-07-25
INC1000042,2024/10/07 00:19:00,2024-10-07 02:19:16.590690,1,Sem Informação,0,SINBC,17000,3000,2.0,2024-10-07
INC1000043,2024/09/18 15:50:00,2024-09-18 21:11:27.112211,0,Grave,0,SIPBS,8000,2000,5.36,2024-09-18
INC1000044,2024/04/30 21:19:00,2024-04-30 22:30:49.037152,0,Sem Informação,0,SIBEC,17000,3000,1.2,2024-04-30
INC1000045,2024/08/21 13:56:00,2024-08-21 15:06:49.883983,1,Sem Informação,0,SILCE,21000,2000,1.18,2024-08-21
INC1000046,2024/02/24 13:14:00,2024-02-24 17:05:10.372133,1,Sem Informação,2,SIPCS,21000,3000,3.85,2024-02-24
INC1000047,2024/03/09 14:42:00,2024-03-09 17:09:22.458659,1,Sem Informação,0,SISPI,17000,4000,2.46,2024-03-09
INC1000048,2024/09/15 13:53:00,2024-09-15 19:09:23.747737,1,Sem Informação,2,SISAG,21000,3000,5.27,2024-09-15
INC1000049,2024/09/23 15:40:00,2024-09-23 17:42:22.394675,0,Crise,2,SIMPI,21000,1000,2.04,2024-09-23
INC1000050,2024/07/15 22:09:00,2024-07-16 05:24:38.861846,1,Sem Informação,2,SIPCS,21000,2000,7.26,2024-07-15
INC1000051,2024/10/26 22:01:00,2024-10-27 05:03:34.973633,1,Sem Informação,0,SIBEC,7000,2000,7.04,2024-10-26
INC1000052,2024/08/02 17:47:00,2024-08-03 04:57:56.966805,0,Crise,0,SISAG,17000,1000,11.18,2024-08-02
INC1000053,2024/07/26 23:10:00,2024-07-28 22:28:21.568286,0,Crise,0,SIPCS,17000,1000,47.31,2024-07-26
INC1000054,2024/03/10 14:11:00,2024-03-10 16:00:36.708689,1,Sem Informação,2,SIISO,21000,3000,1.83,2024-03-10
INC1000055,2024/08/03 08:53:00,2024-08-03 09:27:04.229417,0,Sem Informação,0,SIPCS,21000,3000,0.57,2024-08-03
INC1000056,2024/11/29 01:48:00,2024-11-29 03:09:55.769627,1,Sem Informação,0,SIBEC,21000,2000,1.37,2024-11-29
INC1000057,2024/04/21 14:44:00,2024-04-21 16:31:28.079196,1,Sem Informação,0,SINBC,7000,3000,1.79,2024-04-21
INC1000058,2024/06/08 03:37:00,2024-06-08 05:12:30.661279,1,Sem Informação,0,SILCE,17000,3000,1.59,2024-06-08
INC1000059,2024/11/17 07:06:00,2024-11-17 08:39:19.941837,1,Sem Informação,0,SINBC,21000,3000,1.56,2024-11-17
INC1000060,2024/09/29 13:42:00,2024-09-29 15:58:15.105950,0,Crise,0,SISPI,21000,1000,2.27,2024-09-29
INC1000061,2024/08/23 22:09:00,2024-08-24 01:13:05.820831,1,Sem Informação,0,SIMPI,22000,4000,3.07,2024-08-23
INC1000062,2024/10/30 08:20:00,2024-10-30 13:01:35.891464,0,Crise,0,SISAG,21000,1000,4.69,2024-10-30
INC1000063,2024/06/15 05:31:00,2024-06-15 08:48:32.687696,0,Grave,2,SISPI,22000,2000,3.29,2024-06-15
INC1000064,2024/04/07 02:15:00,2024-04-07 12:18:55.142020,1,Sem Informação,0,SISAG,21000,3000,10.07,2024-04-07
INC1000065,2024/04/23 12:44:00,2024-04-23 15:33:25.896272,1,Sem Informação,0,SISPI,17000,3000,2.82,2024-04-23
INC1000066,2024/06/18 11:44:00,2024-06-18 13:18:23.449691,0,Crise,0,SIISO,17000,1000,1.57,2024-06-18
INC1000067,2024/04/04 06:13:00,2024-04-04 14:56:00.102892,1,Sem Informação,2,SIPCS,21000,4000,8.72,2024-04-04
INC1000068,2024/07/03 05:19:00,2024-07-03 07:41:10.102125,0,Grave,0,SIMPI,17000,1000,2.37,2024-07-03
INC1000069,2024/09/08 03:55:00,2024-09-08 05:24:42.675522,1,Sem Informação,0,SISAG,8000,2000,1.5,2024-09-08
INC1000070,2024/09/01 03:52:00,2024-09-01 06:05:16.006660,1,Sem Informação,0,SINBC,22000,2000,2.22,2024-09-01
INC1000071,2024/06/04 02:15:00,2024-06-04 05:25:31.987411,1,Sem Informação,0,SINBC,21000,3000,3.18,2024-06-04
INC1000072,2024/08/14 09:55:00,2024-08-14 11:55:03.255935,1,Sem Informação,0,SINBC,8000,3000,2.0,2024-08-14
INC1000073,2024/04/16 20:13:00,2024-04-16 21:00:02.962065,0,Crise,0,SIISO,22000,1000,0.78,2024-04-16
INC1000074,2024/05/29 01:14:00,2024-05-29 02:43:22.251501,0,Grave,0,SISAG,22000,1000,1.49,2024-05-29
INC1000075,2024/04/11 13:07:00,2024-04-11 15:53:00.197515,1,Sem Informação,0,SIMPI,21000,2000,2.77,2024-04-11
INC1000076,2024/10/18 09:28:00,2024-10-18 12:22:37.342689,1,Sem Informação,0,SILCE,21000,3000,2.91,2024-10-18
INC1000077,2024/01/21 13:47:00,2024-01-21 15:09:34.635570,0,Grave,2,SIPBS,21000,2000,1.38,2024-01-21
INC1000078,2024/12/10 08:36:00,2024-12-10 11:44:48.987263,1,Sem Informação,0,SISAG,8000,3000,3.15,2024-12-10
INC1000079,2024/08/11 20:52:00,2024-08-11 21:41:09.654319,1,Sem Informação,0,SISPI,21000,3000,0.82,2024-08-11
INC1000080,2024/07/29 22:31:00,2024-07-30 02:19:29.438598,0,Crise,0,SIPCS,17000,1000,3.81,2024-07-29
INC1000081,2024/09/20 00:42:00,2024-09-20 05:08:01.077659,1,Sem Informação,0,SIPCS,17000,3000,4.43,2024-09-20
INC1000082,2024/04/14 08:35:00,2024-04-14 10:05:29.167227,0,Sem Informação,0,SISAG,21000,3000,1.51,2024-04-14
INC1000083,2024/03/22 09:35:00,2024-03-22 11:30:40.682660,1,Sem Informação,0,SIISO,21000,4000,1.93,2024-03-22
INC1000084,2024/03/19 15:59:00,2024-03-19 22:10:14.637025,1,Sem Informação,0,SISAG,21000,2000,6.19,2024-03-19
INC1000085,2024/11/02 16:47:00,2024-11-02 22:59:35.925201,1,Sem Informação,0,SILCE,21000,3000,6.21,2024-11-02
INC1000086,2024/06/01 18:37:00,2024-06-01 23:48:19.548049,1,Sem Informação,0,SIPCS,21000,3000,5.19,2024-06-01
INC1000087,2024/06/13 06:44:00,2024-06-13 08:34:25.432697,0,Sem Informação,0,SILCE,21000,2000,1.84,2024-06-13
INC1000088,2024/12/05 20:09:00,2024-12-05 20:46:46.447103,1,Sem Informação,0,SIPCS,7000,3000,0.63,2024-12-05
INC1000089,2024/02/21 16:58:00,2024-02-21 19:59:42.792227,1,Sem Informação,0,SILCE,17000,4000,3.03,2024-02-21
INC1000090,2024/05/15 10:39:00,2024-05-15 13:25:27.941822,1,Sem Informação,0,SISPI,21000,4000,2.77,2024-05-15
INC1000091,2024/09/06 17:02:00,2024-09-06 18:21:18.105063,1,Sem Informação,0,SIMPI,21000,3000,1.32,2024-09-06
INC1000092,2024/11/20 22:55:00,2024-11-20 23:59:56.196313,1,Sem Informação,0,SIMPI,21000,2000,1.08,2024-11-20
INC1000093,2024/07/10 13:09:00,2024-07-10 15:05:31.852037,0,Crise,2,SIPAS,21000,1000,1.94,2024-07-10
INC1000094,2024/10/25 04:14:00,2024-10-25 05:37:20.114477,1,Sem Informação,0,SIMPI,21000,4000,1.39,2024-10-25
INC1000095,2024/10/06 05:04:00,2024-10-06 06:46:34.126868,0,Sem Informação,0,SINBC,22000,3000,1.71,2024-10-06
INC1000096,2024/06/03 06:24:00,2024-06-03 13:27:03.291773,1,Sem Informação,0,SISPI,8000,4000,7.05,2024-06-03
INC1000097,2024/12/03 12:17:00,2024-12-03 15:48:39.849211,1,Sem Informação,2,SIBEC,8000,3000,3.53,2024-12-03
INC1000098,2024/04/27 19:51:00,2024-04-27 22:34:41.385263,0,Grave,0,SINBC,21000,2000,2.73,2024-04-27
INC1000099,2024/02/19 20:41:00,2024-02-19 23:56:36.492099,1,Sem Informação,0,SIBEC,21000,3000,3.26,2024-02-19
INC1000100,2024/07/31 05:12:00,2024-07-31 07:35:16.537763,1,Sem Informação,2,SISPI,21000,4000,2.39,2024-07-31
INC1000101,2024/09/03 09:47:00,2024-09-03 17:31:47.943999,0,Sem Informação,2,SIPBS,17000,3000,7.75,2024-09-03
INC1000102,2024/07/22 17:23:00,2024-07-22 19:15:51.639460,1,Sem Informação,0,SIMPI,17000,3000,1.88,2024-07-22
INC1000103,2024/10/26 12:52:00,2024-10-26 14:40:00.567877,1,Sem Informação,2,SIISO,21000,3000,1.8,2024-10-26
INC1000104,2024/11/08 07:41:00,2024-11-08 11:04:00.577428,1,Sem Informação,0,SIMPI,21000,2000,3.38,2024-11-08
INC1000105,2024/09/09 03:06:00,2024-09-09 05:28:53.087234,1,Sem Informação,0,SILCE,8000,3000,2.38,2024-09-09
INC1000106,2024/08/02 18:47:00,2024-08-03 04:01:21.750648,1,Sem Informação,0,SISAG,17000,4000,9.24,2024-08-02
INC1000107,2024/04/21 14:28:00,2024-04-21 19:15:41.413189,1,Sem Informação,0,SISPI,21000,4000,4.79,2024-04-21
INC1000108,2024/04/07 03:54:00,2024-04-07 09:35:48.647484,1,Sem Informação,0,SINBC,8000,2000,5.7,2024-04-07
INC1000109,2024/10/16 06:04:00,2024-10-16 14:45:27.832807,1,Sem Informação,2,SIISO,21000,2000,8.69,2024-10-16
INC1000110,2024/03/15 04:34:00,2024-03-15 05:40:38.663723,0,Crise,0,SIBEC,21000,1000,1.11,2024-03-15
INC1000111,2024/05/15 01:08:00,2024-05-15 11:05:55.159921,1,Sem Informação,0,SISAG,22000,3000,9.97,2024-05-15
INC1000112,2024/04/23 19:02:00,2024-04-25 06:45:13.838349,1,Sem Informação,0,SIMPI,22000,4000,35.72,2024-04-23
INC1000113,2024/07/24 13:43:00,2024-07-24 16:42:36.256568,0,Crise,0,SISAG,21000,1000,2.99,2024-07-24
INC1000114,2024/11/20 18:35:00,2024-11-21 03:21:44.885430,1,Sem Informação,0,SIMPI,17000,3000,8.78,2024-11-20
INC1000115,2024/12/01 20:56:00,2024-12-02 02:39:12.664310,1,Sem Informação,2,SISAG,21000,3000,5.72,2024-12-01
INC1000116,2024/02/18 10:27:00,2024-02-18 11:50:31.611436,1,Sem Informação,0,SIPAS,21000,3000,1.39,2024-02-18
INC1000117,2024/08/09 03:47:00,2024-08-09 12:14:03.477186,1,Sem Informação,0,SINBC,22000,3000,8.45,2024-08-09
INC1000118,2024/12/06 13:55:00,2024-12-06 20:13:03.726940,1,Sem Informação,0,SIMPI,17000,3000,6.3,2024-12-06
INC1000119,2024/04/24 03:22:00,2024-04-24 13:28:03.042200,0,Grave,0,SINBC,17000,1000,10.1,2024-04-24
INC1000120,2024/12/11 20:35:00,2024-12-12 00:20:06.462067,0,Grave,0,SIMPI,21000,1000,3.75,2024-12-11
INC1000121,2024/04/02 04:36:00,2024-04-02 05:20:36.776308,0,Grave,0,SIBEC,21000,2000,0.74,2024-04-02
INC1000122,2024/06/08 23:20:00,2024-06-09 04:00:46.762751,0,Grave,0,SIBEC,22000,2000,4.68,2024-06-08
INC1000123,2024/08/05 15:38:00,2024-08-05 17:05:21.902239,0,Crise,0,SIPCS,22000,1000,1.46,2024-08-05
INC1000124,2024/12/07 09:02:00,2024-12-07 12:58:44.015295,0,Crise,0,SIBEC,21000,1000,3.95,2024-12-07
INC1000125,2024/06/16 03:00:00,2024-06-16 05:00:26.253143,1,Sem Informação,0,SIPAS,7000,3000,2.01,2024-06-16
INC1000126,2024/06/30 02:25:00,2024-06-30 06:33:59.756254,1,Sem Informação,0,SIPBS,17000,3000,4.15,2024-06-30
INC1000127,2024/08/01 09:07:00,2024-08-01 12:59:54.116107,1,Sem Informação,2,SIPAS,8000,3000,3.88,2024-08-01
INC1000128,2024/02/15 13:54:00,2024-02-15 15:55:29.524239,1,Sem Informação,0,SILCE,21000,3000,2.02,2024-02-15
INC1000129,2024/06/19 05:04:00,2024-06-19 05:57:56.735662,0,Sem Informação,0,SIPCS,17000,2000,0.9,2024-06-19
INC1000130,2024/03/16 07:06:00,2024-03-16 08:17:25.624716,0,Sem Informação,0,SINBC,17000,2000,1.19,2024-03-16
INC1000131,2024/08/25 18:48:00,2024-08-25 21:41:02.281827,1,Sem Informação,0,SINBC,8000,4000,2.88,2024-08-25
INC1000132,2024/06/10 04:28:00,2024-06-10 06:30:51.821604,1,Sem Informação,0,SIMPI,21000,3000,2.05,2024-06-10
INC1000133,2024/08/24 14:02:00,2024-08-24 17:26:39.377559,1,Sem Informação,0,SIPBS,22000,4000,3.41,2024-08-24
INC1000134,2024/07/15 14:37:00,2024-07-15 17:53:16.904246,1,Sem Informação,0,SIBEC,21000,4000,3.27,2024-07-15
INC1000135,2024/08/31 16:09:00,2024-09-01 02:38:15.844166,1,Sem Informação,0,SISPI,21000,2000,10.49,2024-08-31
INC1000136,2024/12/28 14:28:00,2024-12-28 17:06:03.548120,1,Sem Informação,0,SISPI,21000,2000,2.63,2024-12-28
INC1000137,2024/11/02 01:50:00,2024-11-02 03:30:16.581775,0,Grave,0,SISPI,17000,2000,1.67,2024-11-02
INC1000138,2024/11/04 04:21:00,2024-11-04 07:10:21.512536,1,Sem Informação,0,SISPI,21000,3000,2.82,2024-11-04
INC1000139,2024/12/28 02:19:00,2024-12-28 05:04:08.015118,1,Sem Informação,2,SISPI,17000,3000,2.75,2024-12-28
INC1000140,2024/12/16 16:05:00,2024-12-16 18:03:54.920216,0,Crise,2,SISPI,17000,1000,1.98,2024-12-16
INC1000141,2024/04/08 07:08:00,2024-04-08 08:40:06.980481,1,Sem Informação,0,SIPBS,22000,3000,1.54,2024-04-08
INC1000142,2024/12/04 10:56:00,2024-12-04 17:56:49.532280,0,Sem Informação,0,SIPAS,17000,2000,7.01,2024-12-04
INC1000143,2024/01/23 13:23:00,2024-01-23 14:42:52.880538,1,Sem Informação,0,SISAG,21000,3000,1.33,2024-01-23
INC1000144,2024/05/02 09:51:00,2024-05-03 04:50:04.496438,1,Sem Informação,0,SINBC,21000,3000,18.98,2024-05-02
INC1000145,2024/09/27 13:10:00,2024-09-27 18:16:25.877797,0,Grave,0,SIMPI,17000,1000,5.11,2024-09-27
INC1000146,2024/09/21 03:18:00,2024-09-21 04:21:39.935411,1,Sem Informação,0,SISAG,8000,2000,1.06,2024-09-21
INC1000147,2024/04/23 14:56:00,2024-04-23 15:31:36.044404,1,Sem Informação,0,SIBEC,21000,3000,0.59,2024-04-23
INC1000148,2024/04/24 00:20:00,2024-04-24 09:31:58.867708,0,Crise,2,SIPAS,21000,1000,9.2,2024-04-24
INC1000149,2024/12/27 15:28:00,2024-12-27 19:08:13.804363,0,Sem Informação,0,SIBEC,17000,3000,3.67,2024-12-27
INC1000150,2024/09/27 13:07:00,2024-09-27 18:05:29.232341,1,Sem Informação,0,SIISO,21000,3000,4.97,2024-09-27
INC1000151,2024/09/12 19:34:00,2024-09-12 21:52:13.734201,1,Sem Informação,0,SIISO,21000,2000,2.3,2024-09-12
INC1000152,2024/10/19 13:11:00,2024-10-19 13:58:58.735833,0,Sem Informação,0,SISPI,22000,2000,0.8,2024-10-19
INC1000153,2024/07/18 15:02:00,2024-07-18 18:58:01.096724,1,Sem Informação,0,SIMPI,21000,3000,3.93,2024-07-18
INC1000154,2024/12/02 20:06:00,2024-12-03 02:45:36.535921,1,Sem Informação,0,SIBEC,7000,3000,6.66,2024-12-02
INC1000155,2024/12/16 14:44:00,2024-12-16 15:52:16.702780,0,Grave,0,SIPAS,21000,2000,1.14,2024-12-16
INC1000156,2024/04/12 01:20:00,2024-04-12 13:14:46.733826,1,Sem Informação,0,SIPCS,21000,2000,11.91,2024-04-12
INC1000157,2024/01/25 20:21:00,2024-01-25 23:38:51.714385,1,Sem Informação,2,SILCE,21000,3000,3.3,2024-01-25
INC1000158,2024/04/05 15:44:00,2024-04-05 19:28:06.311879,0,Crise,0,SIPCS,8000,1000,3.74,2024-04-05
INC1000159,2024/04/02 17:18:00,2024-04-02 18:04:48.868280,1,Sem Informação,0,SIMPI,17000,3000,0.78,2024-04-02
INC1000160,2024/06/28 14:02:00,2024-06-30 00:10:04.752093,0,Sem Informação,2,SILCE,21000,3000,34.13,2024-06-28
INC1000161,2024/11/22 12:23:00,2024-11-22 15:30:28.714602,1,Sem Informação,0,SIPAS,17000,2000,3.12,2024-11-22
INC1000162,2024/01/18 04:04:00,2024-01-18 06:49:29.052234,1,Sem Informação,0,SISPI,17000,3000,2.76,2024-01-18
INC1000163,2024/07/08 11:28:00,2024-07-08 19:42:08.444588,1,Sem Informação,2,SILCE,21000,2000,8.24,2024-07-08
INC1000164,2024/04/05 15:33:00,2024-04-05 18:00:57.076156,1,Sem Informação,0,SIMPI,17000,3000,2.47,2024-04-05
INC1000165,2024/12/21 15:12:00,2024-12-21 18:41:05.611259,0,Sem Informação,2,SISAG,8000,2000,3.48,2024-12-21
INC1000166,2024/06/12 21:22:00,2024-06-13 03:41:22.433744,1,Sem Informação,2,SIMPI,17000,3000,6.32,2024-06-12
INC1000167,2024/07/04 16:14:00,2024-07-04 17:26:12.352677,0,Crise,0,SIPAS,22000,1000,1.2,2024-07-04
INC1000168,2024/10/09 04:39:00,2024-10-09 11:50:07.007446,1,Sem Informação,2,SISAG,21000,3000,7.19,2024-10-09
INC1000169,2024/06/11 20:04:00,2024-06-11 22:56:49.373282,0,Sem Informação,0,SISPI,22000,3000,2.88,2024-06-11
INC1000170,2024/03/07 13:32:00,2024-03-07 18:31:35.840274,1,Sem Informação,2,SIPAS,21000,2000,4.99,2024-03-07
INC1000171,2024/09/22 09:54:00,2024-09-22 11:05:13.404185,0,Grave,0,SIPCS,17000,2000,1.19,2024-09-22
INC1000172,2024/10/30 18:09:00,2024-10-30 20:50:08.437762,1,Sem Informação,0,SINBC,7000,4000,2.69,2024-10-30
INC1000173,2024/02/11 01:41:00,2024-02-11 07:22:11.281335,1,Sem Informação,0,SINBC,17000,3000,5.69,2024-02-11
INC1000174,2024/05/28 20:19:00,2024-05-28 23:37:59.070743,0,Crise,0,SILCE,22000,1000,3.32,2024-05-28
INC1000175,2024/04/14 10:38:00,2024-04-14 14:08:54.711968,1,Sem Informação,2,SISPI,21000,4000,3.52,2024-04-14
INC1000176,2024/07/08 16:35:00,2024-07-08 17:55:45.897048,0,Crise,0,SIPBS,21000,1000,1.35,2024-07-08
INC1000177,2024/11/11 13:15:00,2024-11-13 06:32:06.728899,1,Sem Informação,0,SINBC,8000,2000,41.29,2024-11-11
INC1000178,2024/08/27 15:56:00,2024-08-27 16:30:52.021358,1,Sem Informação,0,SILCE,21000,4000,0.58,2024-08-27
INC1000179,2024/01/26 09:31:00,2024-01-26 12:57:59.905551,0,Crise,0,SISAG,21000,1000,3.45,2024-01-26
INC1000180,2024/07/06 12:23:00,2024-07-06 13:03:44.586861,0,Grave,0,SIPCS,17000,2000,0.68,2024-07-06
INC1000181,2024/05/23 19:43:00,2024-05-23 20:40:01.158723,1,Sem Informação,0,SIPBS,8000,3000,0.95,2024-05-23
INC1000182,2024/03/14 06:38:00,2024-03-14 08:53:00.981585,0,Grave,2,SIBEC,21000,2000,2.25,2024-03-14
INC1000183,2024/09/20 04:20:00,2024-09-20 11:28:37.092131,1,Sem Informação,0,SINBC,7000,2000,7.14,2024-09-20
INC1000184,2024/09/29 15:45:00,2024-09-29 17:54:43.646760,1,Sem Informação,2,SIBEC,22000,3000,2.16,2024-09-29
INC1000185,2024/12/18 20:01:00,2024-12-18 21:26:45.683506,1,Sem Informação,0,SINBC,21000,3000,1.43,2024-12-18
INC1000186,2024/11/18 23:39:00,2024-11-19 10:13:23.845184,0,Sem Informação,0,SIISO,21000,3000,10.57,2024-11-18
INC1000187,2024/06/09 13:09:00,2024-06-09 14:21:49.035202,1,Sem Informação,2,SIPCS,17000,4000,1.21,2024-06-09
INC1000188,2024/02/01 22:08:00,2024-02-02 00:35:47.173339,1,Sem Informação,0,SISAG,8000,3000,2.46,2024-02-01
INC1000189,2024/06/24 17:22:00,2024-06-24 20:54:12.445484,1,Sem Informação,0,SIMPI,22000,2000,3.54,2024-06-24
INC1000190,2024/04/25 09:49:00,2024-04-25 11:02:31.700215,1,Sem Informação,2,SISAG,17000,3000,1.23,2024-04-25
INC1000191,2024/05/20 09:07:00,2024-05-20 11:31:04.205050,1,Sem Informação,2,SILCE,21000,4000,2.4,2024-05-20
INC1000192,2024/05/27 22:05:00,2024-05-28 00:07:53.939009,1,Sem Informação,2,SIMPI,21000,2000,2.05,2024-05-27
INC1000193,2024/10/14 22:17:00,2024-10-15 00:56:17.530634,0,Crise,2,SINBC,21000,1000,2.65,2024-10-14
INC1000194,2024/02/21 13:21:00,2024-02-21 23:30:58.062473,1,Sem Informação,0,SIBEC,17000,4000,10.17,2024-02-21
INC1000195,2024/08/31 15:41:00,2024-08-31 19:33:25.316890,0,Crise,0,SISPI,21000,1000,3.87,2024-08-31
INC1000196,2024/01/20 05:26:00,2024-01-20 16:47:25.482581,1,Sem Informação,0,SILCE,7000,2000,11.36,2024-01-20
INC1000197,2024/05/28 01:00:00,2024-05-28 03:36:35.065365,0,Sem Informação,0,SISPI,22000,3000,2.61,2024-05-28
INC1000198,2024/03/09 16:29:00,2024-03-09 19:48:51.054866,0,Crise,0,SISPI,17000,1000,3.33,2024-03-09
INC1000199,2024/05/31 18:43:00,2024-06-01 05:33:57.019323,1,Sem Informação,0,SILCE,17000,3000,10.85,2024-05-31
INC1000200,2024/04/04 04:30:00,2024-04-04 05:52:05.393254,1,Sem Informação,0,SIMPI,21000,3000,1.37,2024-04-04
INC1000201,2024/10/25 23:36:00,2024-10-26 02:23:16.410425,0,Crise,0,SIISO,22000,1000,2.79,2024-10-25
INC1000202,2024/12/26 09:44:00,2024-12-26 13:26:23.242862,1,Sem Informação,2,SIMPI,22000,2000,3.71,2024-12-26
INC1000203,2024/08/20 23:38:00,2024-08-21 02:35:24.453158,1,Sem Informação,2,SISAG,17000,4000,2.96,2024-08-20
INC1000204,2024/12/14 19:55:00,2024-12-15 04:08:31.385973,0,Grave,0,SISPI,22000,2000,8.23,2024-12-14
INC1000205,2024/10/20 17:09:00,2024-10-20 20:38:26.523693,0,Crise,0,SISAG,22000,1000,3.49,2024-10-20
INC1000206,2024/01/29 14:08:00,2024-01-29 16:13:55.660794,1,Sem Informação,0,SIBEC,21000,3000,2.1,2024-01-29
INC1000207,2024/05/10 00:47:00,2024-05-10 01:32:20.172027,1,Sem Informação,2,SILCE,8000,2000,0.76,2024-05-10
INC1000208,2024/02/05 15:02:00,2024-02-05 16:09:47.764718,1,Sem Informação,0,SIPAS,22000,4000,1.13,2024-02-05
INC1000209,2024/07/14 14:55:00,2024-07-14 19:33:31.199788,0,Sem Informação,0,SIPCS,8000,3000,4.64,2024-07-14
INC1000210,2024/07/20 16:08:00,2024-07-20 20:09:40.030894,1,Sem Informação,0,SIBEC,22000,3000,4.03,2024-07-20
INC1000211,2024/07/13 07:15:00,2024-07-13 08:17:34.529302,1,Sem Informação,0,SIISO,7000,3000,1.04,2024-07-13
INC1000212,2024/08/02 19:49:00,2024-08-03 01:44:31.189271,0,Grave,0,SIPBS,21000,1000,5.93,2024-08-02
INC1000213,2024/01/23 12:28:00,2024-01-23 13:43:37.592048,0,Sem Informação,0,SIBEC,8000,3000,1.26,2024-01-23
INC1000214,2024/10/21 10:36:00,2024-10-21 13:27:13.901958,0,Sem Informação,2,SISPI,22000,3000,2.85,2024-10-21
INC1000215,2024/07/30 09:17:00,2024-07-30 13:06:11.355213,1,Sem Informação,0,SIPAS,8000,3000,3.82,2024-07-30
INC1000216,2024/11/25 21:24:00,2024-11-26 04:43:50.149443,0,Crise,0,SIPAS,21000,1000,7.33,2024-11-25
INC1000217,2024/12/28 04:51:00,2024-12-28 05:33:06.061574,1,Sem Informação,0,SILCE,21000,3000,0.7,2024-12-28
INC1000218,2024/04/14 10:41:00,2024-04-14 12:45:27.314005,0,Grave,0,SISPI,17000,2000,2.07,2024-04-14
INC1000219,2024/11/04 01:55:00,2024-11-04 05:13:58.597785,1,Sem Informação,0,SINBC,7000,3000,3.32,2024-11-04
INC1000220,2024/06/19 09:58:00,2024-06-19 13:44:48.213016,1,Sem Informação,2,SIPBS,17000,3000,3.78,2024-06-19
INC1000221,2024/12/26 06:25:00,2024-12-26 16:37:14.799803,1,Sem Informação,0,SILCE,21000,3000,10.2,2024-12-26
INC1000222,2024/09/11 14:06:00,2024-09-12 00:11:34.914316,1,Sem Informação,0,SISPI,22000,3000,10.09,2024-09-11
INC1000223,2024/04/23 23:09:00,2024-04-24 01:35:11.725701,1,Sem Informação,0,SINBC,21000,3000,2.44,2024-04-23
INC1000224,2024/07/13 18:53:00,2024-07-13 21:18:38.095910,0,Sem Informação,2,SISPI,17000,3000,2.43,2024-07-13
INC1000225,2024/09/08 14:10:00,2024-09-08 19:17:10.805623,1,Sem Informação,0,SIPCS,17000,4000,5.12,2024-09-08
INC1000226,2024/01/31 16:02:00,2024-02-01 02:34:38.282233,1,Sem Informação,2,SIBEC,21000,3000,10.54,2024-01-31
INC1000227,2024/12/28 04:00:00,2024-12-28 06:05:45.721703,1,Sem Informação,0,SIBEC,22000,3000,2.1,2024-12-28
INC1000228,2024/09/06 00:00:00,2024-09-06 01:56:22.865204,1,Sem Informação,2,SIBEC,21000,2000,1.94,2024-09-06
INC1000229,2024/12/23 21:27:00,2024-12-24 13:18:09.329159,1,Sem Informação,0,SIPBS,21000,2000,15.85,2024-12-23
INC1000230,2024/06/30 08:50:00,2024-06-30 10:38:20.449952,1,Sem Informação,0,SILCE,21000,2000,1.81,2024-06-30
INC1000231,2024/02/11 20:54:00,2024-02-11 21:30:39.224746,1,Sem Informação,0,SILCE,21000,3000,0.61,2024-02-11
INC1000232,2024/03/28 02:31:00,2024-03-28 09:10:00.593769,1,Sem Informação,0,SIPBS,8000,4000,6.65,2024-03-28
INC1000233,2024/12/20 18:30:00,2024-12-20 22:14:04.406759,1,Sem Informação,0,SIMPI,8000,3000,3.73,2024-12-20
INC1000234,2024/06/10 00:13:00,2024-06-10 03:20:58.406320,1,Sem Informação,0,SILCE,22000,2000,3.13,2024-06-10
INC1000235,2024/07/18 21:57:00,2024-07-18 23:47:36.462297,1,Sem Informação,0,SIPAS,17000,3000,1.84,2024-07-18
INC1000236,2024/06/26 01:06:00,2024-06-26 04:32:07.300686,1,Sem Informação,0,SISPI,8000,3000,3.44,2024-06-26
INC1000237,2024/06/16 00:40:00,2024-06-16 04:38:26.582068,0,Grave,0,SISAG,22000,2000,3.97,2024-06-16
INC1000238,2024/07/13 02:49:00,2024-07-13 06:06:35.495190,0,Crise,0,SIPBS,17000,1000,3.29,2024-07-13
INC1000239,2024/06/11 11:06:00,2024-06-11 14:54:01.298865,1,Sem Informação,0,SISAG,21000,2000,3.8,2024-06-11
INC1000240,2024/08/17 17:35:00,2024-08-17 18:26:41.490885,1,Sem Informação,0,SIPBS,21000,2000,0.86,2024-08-17
INC1000241,2024/07/16 00:18:00,2024-07-16 03:31:37.530731,1,Sem Informação,0,SIPCS,21000,4000,3.23,2024-07-16
INC1000242,2024/07/13 05:08:00,2024-07-13 06:34:21.925644,0,Crise,0,SIPAS,21000,1000,1.44,2024-07-13
INC1000243,2024/05/08 07:46:00,2024-05-08 10:20:41.960615,1,Sem Informação,0,SIISO,21000,2000,2.58,2024-05-08
INC1000244,2024/11/13 12:51:00,2024-11-13 20:17:41.747163,0,Crise,2,SINBC,21000,1000,7.44,2024-11-13
INC1000245,2024/07/22 10:18:00,2024-07-22 22:02:31.576862,1,Sem Informação,0,SIISO,21000,2000,11.74,2024-07-22
INC1000246,2024/10/15 06:37:00,2024-10-15 16:45:27.395743,1,Sem Informação,0,SIBEC,22000,3000,10.14,2024-10-15
INC1000247,2024/05/29 22:04:00,2024-05-30 05:20:23.277799,0,Crise,0,SISAG,22000,1000,7.27,2024-05-29
INC1000248,2024/07/12 02:28:00,2024-07-12 09:40:23.186803,1,Sem Informação,0,SIPCS,21000,4000,7.21,2024-07-12
INC1000249,2024/07/03 22:57:00,2024-07-04 10:15:54.755963,1,Sem Informação,0,SIPBS,17000,3000,11.32,2024-07-03
INC1000250,2024/01/23 18:41:00,2024-01-23 20:34:55.183602,1,Sem Informação,0,SISPI,21000,3000,1.9,2024-01-23
INC1000251,2024/09/18 23:33:00,2024-09-19 02:27:24.571551,1,Sem Informação,0,SIISO,22000,3000,2.91,2024-09-18
INC1000252,2024/09/13 04:22:00,2024-09-13 10:43:48.447951,0,Sem Informação,0,SIPBS,21000,3000,6.36,2024-09-13
INC1000253,2024/08/21 06:33:00,2024-08-21 08:42:59.647893,1,Sem Informação,0,SISAG,21000,3000,2.17,2024-08-21
INC1000254,2024/12/29 03:01:00,2024-12-29 12:26:01.612787,1,Sem Informação,0,SIPAS,22000,3000,9.42,2024-12-29
INC1000255,2024/06/18 17:27:00,2024-06-19 00:41:25.366165,0,Grave,0,SIPAS,7000,2000,7.24,2024-06-18
INC1000256,2024/08/18 18:27:00,2024-08-18 21:24:59.668761,0,Grave,0,SIISO,17000,2000,2.97,2024-08-18
INC1000257,2024/10/01 05:23:00,2024-10-01 07:29:05.135320,1,Sem Informação,2,SIMPI,21000,3000,2.1,2024-10-01
INC1000258,2024/07/17 19:25:00,2024-07-17 21:08:03.850432,1,Sem Informação,0,SISAG,21000,4000,1.72,2024-07-17
INC1000259,2024/11/10 18:05:00,2024-11-10 19:40:46.140385,1,Sem Informação,0,SIISO,22000,2000,1.6,2024-11-10
INC1000260,2024/08/02 19:08:00,2024-08-02 21:06:50.288654,1,Sem Informação,0,SISAG,8000,3000,1.98,2024-08-02
INC1000261,2024/10/11 05:31:00,2024-10-11 06:40:17.442108,1,Sem Informação,2,SISAG,22000,4000,1.15,2024-10-11
INC1000262,2024/04/09 12:35:00,2024-04-09 14:48:56.620083,1,Sem Informação,0,SISAG,21000,4000,2.23,2024-04-09
INC1000263,2024/01/16 07:18:00,2024-01-16 08:35:13.027050,0,Grave,0,SIMPI,22000,1000,1.29,2024-01-16
INC1000264,2024/02/27 18:07:00,2024-02-27 20:31:03.137894,1,Sem Informação,0,SISPI,22000,3000,2.4,2024-02-27
INC1000265,2024/04/21 13:06:00,2024-04-21 19:04:48.910796,1,Sem Informação,2,SIBEC,22000,3000,5.98,2024-04-21
INC1000266,2024/03/01 07:13:00,2024-03-01 14:01:18.168224,1,Sem Informação,0,SINBC,21000,2000,6.81,2024-03-01
INC1000267,2024/04/15 01:36:00,2024-04-15 03:05:01.671237,0,Sem Informação,0,SIPCS,22000,3000,1.48,2024-04-15
INC1000268,2024/09/20 21:52:00,2024-09-21 01:44:10.927137,1,Sem Informação,2,SILCE,21000,4000,3.87,2024-09-20
INC1000269,2024/03/08 07:09:00,2024-03-08 17:14:30.439319,1,Sem Informação,0,SILCE,22000,3000,10.09,2024-03-08
INC1000270,2024/08/19 02:40:00,2024-08-19 09:53:22.102271,1,Sem Informação,0,SIMPI,22000,4000,7.22,2024-08-19
INC1000271,2024/10/24 00:55:00,2024-10-24 10:45:50.839800,1,Sem Informação,2,SISAG,17000,3000,9.85,2024-10-24
INC1000272,2024/07/22 06:27:00,2024-07-22 13:01:58.516308,1,Sem Informação,0,SIMPI,22000,3000,6.58,2024-07-22
INC1000273,2024/06/24 21:48:00,2024-06-24 22:38:54.641748,0,Sem Informação,0,SISAG,22000,3000,0.85,2024-06-24
INC1000274,2024/08/07 06:44:00,2024-08-07 13:08:53.726526,0,Crise,0,SIMPI,17000,1000,6.41,2024-08-07
INC1000275,2024/01/27 12:40:00,2024-01-27 15:36:52.961281,1,Sem Informação,0,SIISO,21000,2000,2.95,2024-01-27
INC1000276,2024/02/09 04:37:00,2024-02-09 07:29:47.782337,0,Grave,0,SIBEC,17000,1000,2.88,2024-02-09
INC1000277,2024/09/01 02:14:00,2024-09-01 05:17:27.618610,0,Crise,0,SIPBS,7000,1000,3.06,2024-09-01
INC1000278,2024/03/09 20:43:00,2024-03-09 23:04:24.404284,1,Sem Informação,0,SIBEC,21000,2000,2.36,2024-03-09
INC1000279,2024/03/18 13:39:00,2024-03-18 17:09:35.527810,1,Sem Informação,0,SIPBS,17000,2000,3.51,2024-03-18
INC1000280,2024/06/28 13:20:00,2024-06-28 22:29:25.072364,1,Sem Informação,0,SIISO,17000,3000,9.16,2024-06-28
INC1000281,2024/12/19 00:54:00,2024-12-19 06:32:36.836683,1,Sem Informação,0,SINBC,21000,3000,5.64,2024-12-19
INC1000282,2024/05/02 15:24:00,2024-05-02 17:38:54.740020,0,Sem Informação,0,SINBC,21000,3000,2.25,2024-05-02
INC1000283,2024/06/11 04:24:00,2024-06-11 11:19:23.878930,1,Sem Informação,0,SIPAS,21000,4000,6.92,2024-06-11
INC1000284,2024/02/04 00:16:00,2024-02-04 03:59:44.499041,1,Sem Informação,0,SILCE,22000,3000,3.73,2024-02-04
INC1000285,2024/12/25 12:05:00,2024-12-25 14:27:54.457513,0,Crise,0,SIPAS,7000,1000,2.38,2024-12-25
INC1000286,2024/10/01 10:25:00,2024-10-01 13:35:16.624052,1,Sem Informação,2,SIPBS,21000,3000,3.17,2024-10-01
INC1000287,2024/05/05 02:59:00,2024-05-05 05:04:12.485213,0,Grave,0,SINBC,21000,2000,2.09,2024-05-05
INC1000288,2024/03/11 22:00:00,2024-03-12 01:50:08.004142,1,Sem Informação,0,SIPCS,21000,4000,3.84,2024-03-11
INC1000289,2024/05/17 23:56:00,2024-05-18 03:34:58.707575,1,Sem Informação,0,SISPI,17000,2000,3.65,2024-05-17
INC1000290,2024/10/22 20:04:00,2024-10-22 22:21:15.851681,1,Sem Informação,0,SIBEC,21000,3000,2.29,2024-10-22
INC1000291,2024/02/22 18:43:00,2024-02-23 02:47:14.156685,1,Sem Informação,0,SIBEC,21000,2000,8.07,2024-02-22
INC1000292,2024/03/17 05:59:00,2024-03-17 16:24:29.726010,0,Crise,2,SILCE,7000,1000,10.42,2024-03-17
INC1000293,2024/10/19 11:07:00,2024-10-19 14:46:24.456717,0,Grave,0,SIPAS,7000,2000,3.66,2024-10-19
INC1000294,2024/05/24 09:20:00,2024-05-24 11:25:55.001817,0,Grave,0,SISPI,22000,2000,2.1,2024-05-24
INC1000295,2024/10/29 15:49:00,2024-10-30 00:11:20.906187,0,Sem Informação,0,SIISO,22000,3000,8.37,2024-10-29
INC1000296,2024/11/21 22:56:00,2024-11-22 00:36:21.218839,1,Sem Informação,0,SILCE,22000,3000,1.67,2024-11-21
INC1000297,2024/05/01 13:31:00,2024-05-02 06:38:31.603683,0,Sem Informação,2,SIMPI,22000,3000,17.13,2024-05-01
INC1000298,2024/12/24 11:29:00,2024-12-24 16:14:52.617754,1,Sem Informação,0,SIPAS,21000,3000,4.76,2024-12-24
INC1000299,2024/12/05 04:15:00,2024-12-05 07:43:41.512693,1,Sem Informação,0,SILCE,21000,3000,3.48,2024-12-05
INC1000300,2024/02/08 06:08:00,2024-02-08 11:22:35.823878,1,Sem Informação,0,SIPAS,21000,3000,5.24,2024-02-08
INC1000301,2024/04/16 14:19:00,2024-04-16 17:48:01.275539,0,Grave,2,SIPBS,21000,2000,3.48,2024-04-16
INC1000302,2024/06/16 04:05:00,2024-06-17 06:20:53.282363,1,Sem Informação,2,SIBEC,21000,2000,26.26,2024-06-16
INC1000303,2024/07/26 14:35:00,2024-07-26 22:16:46.845568,0,Crise,0,SIPAS,21000,1000,7.7,2024-07-26
INC1000304,2024/07/24 11:43:00,2024-07-24 14:28:23.031198,1,Sem Informação,0,SINBC,8000,4000,2.76,2024-07-24
INC1000305,2024/04/11 20:28:00,2024-04-12 07:14:41.532518,0,Sem Informação,0,SISPI,8000,3000,10.78,2024-04-11
INC1000306,2024/08/09 23:25:00,2024-08-10 01:15:22.390926,0,Crise,0,SILCE,7000,1000,1.84,2024-08-09
INC1000307,2024/01/18 19:39:00,2024-01-18 22:24:55.707846,1,Sem Informação,0,SISAG,21000,3000,2.77,2024-01-18
INC1000308,2024/03/11 13:12:00,2024-03-11 16:29:24.694068,1,Sem Informação,0,SIISO,8000,4000,3.29,2024-03-11
INC1000309,2024/12/31 11:30:00,2024-12-31 13:41:46.961517,1,Sem Informação,0,SINBC,21000,3000,2.2,2024-12-31
INC1000310,2024/04/22 00:57:00,2024-04-22 11:25:09.231847,1,Sem Informação,2,SISAG,8000,3000,10.47,2024-04-22
INC1000311,2024/02/21 07:42:00,2024-02-21 10:04:04.488514,1,Sem Informação,0,SIBEC,8000,4000,2.37,2024-02-21
INC1000312,2024/07/17 11:59:00,2024-07-17 17:23:31.690586,1,Sem Informação,0,SINBC,22000,3000,5.41,2024-07-17
INC1000313,2024/12/26 22:22:00,2024-12-27 06:52:17.536057,1,Sem Informação,2,SIISO,22000,4000,8.5,2024-12-26
INC1000314,2024/03/30 15:02:00,2024-03-30 16:20:51.054312,0,Crise,0,SIISO,7000,1000,1.31,2024-03-30
INC1000315,2024/06/23 22:11:00,2024-06-24 04:46:19.357766,0,Grave,0,SIBEC,22000,2000,6.59,2024-06-23
INC1000316,2024/07/05 02:23:00,2024-07-05 11:04:17.279899,1,Sem Informação,0,SISPI,8000,2000,8.69,2024-07-05
INC1000317,2024/11/23 15:41:00,2024-11-23 18:39:30.504808,1,Sem Informação,0,SIPCS,21000,4000,2.98,2024-11-23
INC1000318,2024/10/28 05:24:00,2024-10-28 08:18:35.080339,0,Crise,0,SIPAS,7000,1000,2.91,2024-10-28
INC1000319,2024/10/17 01:11:00,2024-10-17 04:54:25.081527,0,Grave,2,SINBC,17000,2000,3.72,2024-10-17
INC1000320,2024/05/01 11:20:00,2024-05-01 14:55:55.035193,1,Sem Informação,0,SIPBS,21000,3000,3.6,2024-05-01
INC1000321,2024/01/06 08:13:00,2024-01-06 08:57:14.214229,1,Sem Informação,0,SIMPI,22000,3000,0.74,2024-01-06
INC1000322,2024/08/02 05:56:00,2024-08-02 09:31:10.310295,1,Sem Informação,0,SISPI,7000,2000,3.59,2024-08-02
INC1000323,2024/11/29 21:14:00,2024-11-29 21:59:28.738308,0,Crise,2,SIBEC,21000,1000,0.76,2024-11-29
INC1000324,2024/07/11 05:46:00,2024-07-11 09:33:47.110209,1,Sem Informação,2,SIPBS,17000,4000,3.8,2024-07-11
INC1000325,2024/08/08 20:10:00,2024-08-08 22:11:10.924850,0,Crise,0,SIBEC,17000,1000,2.02,2024-08-08
INC1000326,2024/10/03 08:42:00,2024-10-03 10:01:53.108390,1,Sem Informação,0,SIBEC,21000,3000,1.33,2024-10-03
INC1000327,2024/01/02 13:05:00,2024-01-02 15:54:01.454848,1,Sem Informação,0,SINBC,17000,2000,2.82,2024-01-02
INC1000328,2024/02/11 15:54:00,2024-02-11 19:08:49.444821,1,Sem Informação,0,SISAG,22000,3000,3.25,2024-02-11
INC1000329,2024/04/04 11:56:00,2024-04-04 13:05:10.945059,0,Crise,0,SIBEC,21000,1000,1.15,2024-04-04
INC1000330,2024/12/22 21:06:00,2024-12-22 22:48:11.771470,1,Sem Informação,0,SIPCS,21000,3000,1.7,2024-12-22
INC1000331,2024/07/17 16:26:00,2024-07-18 03:55:27.209346,1,Sem Informação,0,SINBC,8000,3000,11.49,2024-07-17
INC1000332,2024/12/31 01:32:00,2024-12-31 03:50:31.899201,1,Sem Informação,0,SINBC,17000,3000,2.31,2024-12-31
INC1000333,2024/03/29 05:13:00,2024-03-29 12:36:13.197100,0,Sem Informação,0,SILCE,22000,3000,7.39,2024-03-29
INC1000334,2024/06/12 23:58:00,2024-06-13 08:25:03.289074,1,Sem Informação,0,SIPCS,7000,2000,8.45,2024-06-12
INC1000335,2024/12/24 19:37:00,2024-12-24 21:35:06.882311,0,Sem Informação,0,SILCE,21000,2000,1.97,2024-12-24
INC1000336,2024/02/24 18:49:00,2024-02-24 20:19:04.769961,1,Sem Informação,0,SIPCS,17000,4000,1.5,2024-02-24
INC1000337,2024/10/19 19:30:00,2024-10-19 20:57:50.218190,1,Sem Informação,0,SIPAS,21000,3000,1.46,2024-10-19
INC1000338,2024/06/18 22:15:00,2024-06-19 00:24:47.749209,1,Sem Informação,2,SIMPI,21000,2000,2.16,2024-06-18
INC1000339,2024/05/23 15:54:00,2024-05-23 16:44:37.539117,0,Sem Informação,0,SIISO,7000,3000,0.84,2024-05-23
INC1000340,2024/05/17 23:26:00,2024-05-18 00:14:45.014314,0,Sem Informação,0,SISAG,17000,3000,0.81,2024-05-17
INC1000341,2024/07/10 01:32:00,2024-07-10 11:12:35.598673,0,Sem Informação,2,SILCE,21000,3000,9.68,2024-07-10
INC1000342,2024/04/08 06:53:00,2024-04-08 07:29:56.695161,1,Sem Informação,0,SIBEC,7000,3000,0.62,2024-04-08
INC1000343,2024/09/15 12:40:00,2024-09-15 18:36:07.817124,1,Sem Informação,2,SISAG,22000,2000,5.94,2024-09-15
INC1000344,2024/06/28 11:10:00,2024-06-28 21:48:49.061799,0,Crise,0,SIPBS,8000,1000,10.65,2024-06-28
INC1000345,2024/04/23 20:14:00,2024-04-23 21:40:30.453099,1,Sem Informação,2,SILCE,17000,4000,1.44,2024-04-23
INC1000346,2024/08/30 04:41:00,2024-08-30 07:59:10.896585,0,Sem Informação,0,SIISO,8000,3000,3.3,2024-08-30
INC1000347,2024/11/25 08:27:00,2024-11-25 16:07:19.142944,1,Sem Informação,2,SIISO,21000,3000,7.67,2024-11-25
INC1000348,2024/02/22 00:32:00,2024-02-23 18:45:03.443145,1,Sem Informação,0,SIPCS,21000,3000,42.22,2024-02-22
INC1000349,2024/02/02 10:17:00,2024-02-02 13:47:54.794163,1,Sem Informação,0,SIMPI,21000,4000,3.52,2024-02-02
INC1000350,2024/09/21 07:57:00,2024-09-21 11:27:02.173536,1,Sem Informação,0,SINBC,21000,3000,3.5,2024-09-21
INC1000351,2024/09/11 09:16:00,2024-09-11 19:09:37.884357,1,Sem Informação,0,SINBC,17000,3000,9.89,2024-09-11
INC1000352,2024/04/23 21:34:00,2024-04-23 23:43:54.263542,1,Sem Informação,2,SISPI,7000,4000,2.17,2024-04-23
INC1000353,2024/04/02 09:06:00,2024-04-02 12:11:35.578034,1,Sem Informação,0,SIPCS,21000,2000,3.09,2024-04-02
INC1000354,2024/02/15 07:22:00,2024-02-15 10:55:00.046125,1,Sem Informação,0,SILCE,21000,3000,3.55,2024-02-15
INC1000355,2024/03/01 15:03:00,2024-03-02 02:36:15.868339,1,Sem Informação,0,SIPBS,17000,2000,11.55,2024-03-01
INC1000356,2024/09/28 09:26:00,2024-09-28 12:55:23.421107,1,Sem Informação,2,SIPAS,7000,3000,3.49,2024-09-28
INC1000357,2024/08/22 04:20:00,2024-08-22 08:58:47.370248,1,Sem Informação,0,SISPI,21000,2000,4.65,2024-08-22
INC1000358,2024/05/20 06:48:00,2024-05-20 12:04:02.931380,0,Crise,0,SIPBS,22000,1000,5.27,2024-05-20
INC1000359,2024/01/03 01:34:00,2024-01-03 03:22:21.077708,1,Sem Informação,0,SIBEC,21000,3000,1.81,2024-01-03
INC1000360,2024/01/03 20:46:00,2024-01-03 23:41:38.411814,1,Sem Informação,0,SISPI,21000,2000,2.93,2024-01-03
INC1000361,2024/02/03 01:19:00,2024-02-03 09:28:44.306273,1,Sem Informação,2,SIPCS,21000,4000,8.16,2024-02-03
INC1000362,2024/09/07 11:48:00,2024-09-07 15:37:05.862857,0,Crise,2,SILCE,21000,1000,3.82,2024-09-07
INC1000363,2024/09/15 05:07:00,2024-09-15 07:53:36.808790,1,Sem Informação,0,SIBEC,17000,3000,2.78,2024-09-15
INC1000364,2024/10/31 01:42:00,2024-10-31 05:07:35.112121,1,Sem Informação,0,SIBEC,22000,3000,3.43,2024-10-31
INC1000365,2024/08/30 22:09:00,2024-08-31 01:03:00.324360,1,Sem Informação,0,SIBEC,21000,3000,2.9,2024-08-30
INC1000366,2024/11/06 22:08:00,2024-11-07 01:46:42.636255,1,Sem Informação,0,SIPCS,21000,2000,3.65,2024-11-06
INC1000367,2024/04/11 19:12:00,2024-04-12 06:59:05.848003,1,Sem Informação,0,SISPI,22000,2000,11.78,2024-04-11
INC1000368,2024/04/16 22:59:00,2024-04-17 00:18:14.766351,1,Sem Informação,2,SIBEC,17000,4000,1.32,2024-04-16
INC1000369,2024/03/17 02:49:00,2024-03-17 05:50:56.901573,1,Sem Informação,0,SIPBS,8000,3000,3.03,2024-03-17
INC1000370,2024/05/15 14:03:00,2024-05-15 15:09:41.242793,1,Sem Informação,0,SIBEC,22000,3000,1.11,2024-05-15
INC1000371,2024/02/29 03:54:00,2024-02-29 14:42:57.563282,1,Sem Informação,2,SIPAS,21000,4000,10.82,2024-02-29
INC1000372,2024/02/17 11:52:00,2024-02-17 12:45:54.283199,1,Sem Informação,0,SILCE,7000,2000,0.9,2024-02-17
INC1000373,2024/08/03 20:56:00,2024-08-04 06:30:09.692357,1,Sem Informação,0,SIBEC,8000,4000,9.57,2024-08-03
INC1000374,2024/09/04 18:43:00,2024-09-04 21:21:22.671794,1,Sem Informação,2,SISPI,17000,4000,2.64,2024-09-04
INC1000375,2024/03/07 15:58:00,2024-03-07 19:34:23.683494,0,Grave,0,SISAG,17000,1000,3.61,2024-03-07
INC1000376,2024/10/22 23:36:00,2024-10-23 03:26:42.594020,1,Sem Informação,0,SISPI,22000,3000,3.85,2024-10-22
INC1000377,2024/05/07 15:22:00,2024-05-07 18:06:41.696105,1,Sem Informação,2,SIPAS,21000,3000,2.74,2024-05-07
INC1000378,2024/11/25 05:32:00,2024-11-25 16:29:19.170277,1,Sem Informação,0,SIPBS,21000,3000,10.96,2024-11-25
INC1000379,2024/09/16 07:35:00,2024-09-16 09:29:41.290118,0,Crise,0,SIISO,22000,1000,1.91,2024-09-16
INC1000380,2024/06/10 03:31:00,2024-06-10 10:44:39.062178,1,Sem Informação,0,SIBEC,17000,2000,7.23,2024-06-10
INC1000381,2024/11/12 20:19:00,2024-11-13 05:33:12.364327,1,Sem Informação,0,SISAG,21000,3000,9.24,2024-11-12
INC1000382,2024/08/20 10:35:00,2024-08-20 20:18:59.752362,1,Sem Informação,0,SISPI,21000,2000,9.73,2024-08-20
INC1000383,2024/06/23 11:53:00,2024-06-23 15:10:58.900217,1,Sem Informação,0,SIPCS,21000,3000,3.3,2024-06-23
INC1000384,2024/03/12 22:47:00,2024-03-13 07:40:12.530865,0,Sem Informação,0,SIISO,7000,3000,8.89,2024-03-12
INC1000385,2024/04/07 22:21:00,2024-04-08 00:18:02.326349,0,Sem Informação,0,SINBC,22000,3000,1.95,2024-04-07
INC1000386,2024/09/15 04:31:00,2024-09-15 07:35:36.295522,1,Sem Informação,0,SIPCS,22000,4000,3.08,2024-09-15
INC1000387,2024/03/31 22:37:00,2024-04-01 01:58:12.076342,1,Sem Informação,2,SIPBS,22000,3000,3.35,2024-03-31
INC1000388,2024/07/15 13:38:00,2024-07-15 19:49:19.561343,1,Sem Informação,0,SISPI,22000,3000,6.19,2024-07-15
INC1000389,2024/12/24 23:32:00,2024-12-25 02:29:18.828311,1,Sem Informação,0,SISPI,21000,4000,2.96,2024-12-24
INC1000390,2024/11/15 22:18:00,2024-11-16 02:01:27.016232,1,Sem Informação,2,SIPAS,22000,3000,3.72,2024-11-15
INC1000391,2024/12/21 20:20:00,2024-12-22 04:49:53.670090,1,Sem Informação,0,SINBC,17000,3000,8.5,2024-12-21
INC1000392,2024/09/30 09:56:00,2024-09-30 18:06:54.623603,1,Sem Informação,0,SIBEC,21000,2000,8.18,2024-09-30
INC1000393,2024/03/23 09:43:00,2024-03-23 13:09:16.210862,0,Grave,0,SIMPI,17000,2000,3.44,2024-03-23
INC1000394,2024/12/11 23:35:00,2024-12-12 08:04:24.591920,1,Sem Informação,0,SIISO,17000,3000,8.49,2024-12-11
INC1000395,2024/01/25 12:24:00,2024-01-25 15:39:30.205279,1,Sem Informação,0,SISPI,21000,2000,3.26,2024-01-25
INC1000396,2024/08/14 07:58:00,2024-08-14 10:57:00.272711,1,Sem Informação,0,SISPI,17000,3000,2.98,2024-08-14
INC1000397,2024/04/09 09:28:00,2024-04-09 12:21:21.501531,1,Sem Informação,0,SIPAS,21000,3000,2.89,2024-04-09
INC1000398,2024/05/22 17:16:00,2024-05-22 19:48:38.224327,0,Crise,2,SIMPI,8000,1000,2.54,2024-05-22
INC1000399,2024/11/01 01:49:00,2024-11-01 11:06:42.438076,1,Sem Informação,0,SISAG,17000,3000,9.3,2024-11-01
INC1000400,2024/09/26 07:11:00,2024-09-26 10:26:06.853816,1,Sem Informação,0,SIPAS,21000,3000,3.25,2024-09-26
INC1000401,2024/04/19 21:21:00,2024-04-19 22:52:39.036900,1,Sem Informação,2,SINBC,8000,4000,1.53,2024-04-19
INC1000402,2024/01/05 03:42:00,2024-01-05 05:02:28.383243,1,Sem Informação,0,SINBC,7000,2000,1.34,2024-01-05
INC1000403,2024/07/14 03:24:00,2024-07-14 06:26:02.092665,1,Sem Informação,0,SIBEC,7000,4000,3.03,2024-07-14
INC1000404,2024/08/16 15:02:00,2024-08-16 17:48:49.255269,1,Sem Informação,0,SISPI,8000,4000,2.78,2024-08-16
INC1000405,2024/10/02 17:00:00,2024-10-02 18:14:15.846584,1,Sem Informação,0,SIISO,22000,3000,1.24,2024-10-02
INC1000406,2024/12/25 23:49:00,2024-12-26 03:10:31.104786,1,Sem Informação,0,SIPBS,21000,2000,3.36,2024-12-25
INC1000407,2024/02/14 02:03:00,2024-02-14 03:25:54.040812,1,Sem Informação,0,SIPBS,21000,2000,1.38,2024-02-14
INC1000408,2024/11/18 12:27:00,2024-11-18 14:18:47.723527,1,Sem Informação,0,SIPBS,17000,3000,1.86,2024-11-18
INC1000409,2024/10/26 01:44:00,2024-10-26 09:45:21.704186,1,Sem Informação,0,SIMPI,17000,3000,8.02,2024-10-26
INC1000410,2024/08/12 12:25:00,2024-08-12 17:40:02.116056,0,Crise,0,SIISO,8000,1000,5.25,2024-08-12
INC1000411,2024/03/14 09:43:00,2024-03-16 04:56:01.210817,1,Sem Informação,2,SISPI,21000,2000,43.22,2024-03-14
INC1000412,2024/01/22 00:36:00,2024-01-22 02:58:48.115812,1,Sem Informação,2,SIPBS,21000,3000,2.38,2024-01-22
INC1000413,2024/07/30 20:54:00,2024-07-30 21:57:48.024905,1,Sem Informação,0,SIISO,17000,2000,1.06,2024-07-30
INC1000414,2024/10/17 01:54:00,2024-10-18 09:39:31.104307,0,Grave,0,SIPCS,22000,2000,31.76,2024-10-17
INC1000415,2024/06/18 11:08:00,2024-06-18 12:27:15.113894,1,Sem Informação,0,SIMPI,22000,4000,1.32,2024-06-18
INC1000416,2024/11/11 21:19:00,2024-11-11 22:21:00.176522,1,Sem Informação,0,SINBC,21000,3000,1.03,2024-11-11
INC1000417,2024/05/06 07:45:00,2024-05-06 18:28:15.169693,1,Sem Informação,0,SIPAS,22000,3000,10.72,2024-05-06
INC1000418,2024/06/05 15:35:00,2024-06-05 18:20:33.950211,1,Sem Informação,0,SIPBS,22000,4000,2.76,2024-06-05
INC1000419,2024/05/14 23:56:00,2024-05-15 02:58:45.559627,1,Sem Informação,2,SIBEC,22000,3000,3.05,2024-05-14
INC1000420,2024/10/29 06:58:00,2024-10-29 08:22:43.765650,1,Sem Informação,0,SIPCS,21000,3000,1.41,2024-10-29
INC1000421,2024/10/28 23:54:00,2024-10-29 02:01:35.234391,0,Crise,0,SIPCS,8000,1000,2.13,2024-10-28
INC1000422,2024/11/10 21:10:00,2024-11-11 02:26:25.605636,1,Sem Informação,2,SINBC,17000,3000,5.27,2024-11-10
INC1000423,2024/09/04 11:02:00,2024-09-04 13:14:24.291070,0,Crise,0,SIPBS,17000,1000,2.21,2024-09-04
INC1000424,2024/07/17 15:58:00,2024-07-17 16:37:45.111965,0,Sem Informação,0,SISPI,21000,3000,0.66,2024-07-17
INC1000425,2024/05/14 18:34:00,2024-05-14 20:23:05.910576,1,Sem Informação,2,SILCE,22000,3000,1.82,2024-05-14
INC1000426,2024/07/11 07:33:00,2024-07-11 10:54:37.183242,1,Sem Informação,0,SISPI,22000,3000,3.36,2024-07-11
INC1000427,2024/03/12 14:10:00,2024-03-12 16:28:03.220042,0,Grave,0,SIMPI,21000,1000,2.3,2024-03-12
INC1000428,2024/04/27 13:51:00,2024-04-27 14:44:48.067589,1,Sem Informação,0,SISAG,22000,3000,0.9,2024-04-27
INC1000429,2024/05/04 01:08:00,2024-05-04 02:11:50.227169,0,Grave,0,SIPCS,21000,2000,1.06,2024-05-04
INC1000430,2024/07/26 19:36:00,2024-07-26 23:10:29.213185,1,Sem Informação,0,SIMPI,22000,2000,3.57,2024-07-26
INC1000431,2024/09/03 05:14:00,2024-09-03 15:35:24.942824,1,Sem Informação,0,SIPAS,17000,3000,10.36,2024-09-03
INC1000432,2024/08/20 19:37:00,2024-08-20 21:26:25.463037,0,Crise,2,SIPAS,22000,1000,1.82,2024-08-20
INC1000433,2024/03/17 19:06:00,2024-03-17 22:45:20.263551,0,Grave,0,SINBC,22000,2000,3.66,2024-03-17
INC1000434,2024/03/07 19:34:00,2024-03-08 05:45:56.268184,1,Sem Informação,0,SILCE,22000,3000,10.2,2024-03-07
INC1000435,2024/04/27 15:50:00,2024-04-28 02:16:13.085920,0,Crise,0,SINBC,7000,1000,10.44,2024-04-27
INC1000436,2024/05/25 19:56:00,2024-05-25 21:20:08.342702,1,Sem Informação,0,SIBEC,21000,3000,1.4,2024-05-25
INC1000437,2024/01/04 12:41:00,2024-01-04 15:59:54.018126,1,Sem Informação,0,SILCE,21000,2000,3.32,2024-01-04
INC1000438,2024/10/01 13:36:00,2024-10-01 15:03:52.062840,1,Sem Informação,0,SILCE,22000,3000,1.46,2024-10-01
INC1000439,2024/07/08 17:35:00,2024-07-08 21:32:35.204127,1,Sem Informação,0,SINBC,7000,3000,3.96,2024-07-08
INC1000440,2024/12/03 03:47:00,2024-12-03 07:01:27.176680,0,Sem Informação,0,SIPAS,17000,2000,3.24,2024-12-03
INC1000441,2024/12/16 22:03:00,2024-12-17 01:55:33.585167,1,Sem Informação,0,SIBEC,17000,4000,3.88,2024-12-16
INC1000442,2024/02/15 02:16:00,2024-02-15 03:02:48.500682,1,Sem Informação,0,SIBEC,17000,4000,0.78,2024-02-15
INC1000443,2024/05/26 22:38:00,2024-05-27 01:50:27.466498,1,Sem Informação,0,SIPAS,17000,3000,3.21,2024-05-26
INC1000444,2024/09/22 09:12:00,2024-09-22 11:47:53.887902,1,Sem Informação,0,SIPCS,21000,3000,2.6,2024-09-22
INC1000445,2024/12/01 00:10:00,2024-12-01 01:37:56.804564,1,Sem Informação,0,SILCE,22000,3000,1.47,2024-12-01
INC1000446,2024/12/26 02:58:00,2024-12-26 04:27:44.621717,1,Sem Informação,2,SIPCS,21000,3000,1.5,2024-12-26
INC1000447,2024/11/06 06:29:00,2024-11-06 12:34:19.896163,1,Sem Informação,0,SILCE,21000,3000,6.09,2024-11-06
INC1000448,2024/02/29 16:16:00,2024-03-01 00:51:56.943709,1,Sem Informação,0,SISAG,17000,3000,8.6,2024-02-29
INC1000449,2024/08/22 21:29:00,2024-08-23 05:20:20.740667,0,Grave,2,SIMPI,21000,2000,7.86,2024-08-22
INC1000450,2024/06/10 13:22:00,2024-06-10 13:54:02.512216,0,Grave,0,SIMPI,21000,1000,0.53,2024-06-10
INC1000451,2024/04/01 15:20:00,2024-04-01 18:57:48.384786,0,Grave,2,SIMPI,17000,2000,3.63,2024-04-01
INC1000452,2024/04/30 23:15:00,2024-05-01 04:52:19.676893,1,Sem Informação,0,SIISO,21000,3000,5.62,2024-04-30
INC1000453,2024/02/10 21:42:00,2024-02-10 22:13:23.458320,1,Sem Informação,0,SIPCS,21000,4000,0.52,2024-02-10
INC1000454,2024/10/21 08:31:00,2024-10-21 11:41:29.705300,0,Crise,0,SIPCS,17000,1000,3.17,2024-10-21
INC1000455,2024/09/01 17:02:00,2024-09-01 18:54:40.833228,1,Sem Informação,0,SIPAS,21000,2000,1.88,2024-09-01
INC1000456,2024/01/05 00:43:00,2024-01-05 03:15:00.703559,1,Sem Informação,0,SISPI,21000,4000,2.53,2024-01-05
INC1000457,2024/05/17 15:39:00,2024-05-17 16:47:37.312295,0,Sem Informação,0,SILCE,21000,2000,1.14,2024-05-17
INC1000458,2024/04/02 18:08:00,2024-04-03 04:38:48.691127,1,Sem Informação,2,SIMPI,21000,3000,10.51,2024-04-02
INC1000459,2024/03/17 15:51:00,2024-03-17 17:49:31.160430,1,Sem Informação,0,SIPAS,17000,4000,1.98,2024-03-17
INC1000460,2024/09/06 09:16:00,2024-09-06 11:45:14.714942,0,Crise,0,SILCE,7000,1000,2.49,2024-09-06
INC1000461,2024/02/19 14:47:00,2024-02-19 16:32:48.121465,1,Sem Informação,0,SIPCS,22000,4000,1.76,2024-02-19
INC1000462,2024/06/28 21:38:00,2024-06-29 00:08:56.270164,0,Grave,0,SIPCS,22000,2000,2.52,2024-06-28
INC1000463,2024/08/16 02:24:00,2024-08-16 04:31:23.276217,1,Sem Informação,2,SIPAS,22000,3000,2.12,2024-08-16
INC1000464,2024/11/09 18:25:00,2024-11-09 23:42:45.585282,1,Sem Informação,0,SIISO,17000,3000,5.3,2024-11-09
INC1000465,2024/07/21 08:56:00,2024-07-21 12:27:11.361694,1,Sem Informação,0,SISPI,21000,3000,3.52,2024-07-21
INC1000466,2024/01/12 04:46:00,2024-01-12 06:08:50.752326,0,Grave,0,SIPBS,22000,1000,1.38,2024-01-12
INC1000467,2024/01/28 00:49:00,2024-01-28 03:59:38.954289,0,Sem Informação,0,SIPBS,21000,2000,3.18,2024-01-28
INC1000468,2024/04/27 07:47:00,2024-04-27 10:28:33.656626,1,Sem Informação,0,SIPAS,21000,2000,2.69,2024-04-27
INC1000469,2024/06/15 15:29:00,2024-06-15 21:39:45.535515,0,Sem Informação,0,SISAG,22000,3000,6.18,2024-06-15
INC1000470,2024/08/21 20:47:00,2024-08-21 23:15:26.204533,1,Sem Informação,2,SIPCS,22000,3000,2.47,2024-08-21
INC1000471,2024/04/26 02:28:00,2024-04-26 04:24:33.767950,1,Sem Informação,2,SIPAS,7000,2000,1.94,2024-04-26
INC1000472,2024/06/25 09:30:00,2024-06-25 12:24:25.901543,1,Sem Informação,0,SISAG,22000,3000,2.91,2024-06-25
INC1000473,2024/05/29 19:14:00,2024-05-30 00:44:30.844205,1,Sem Informação,0,SIPCS,17000,2000,5.51,2024-05-29
INC1000474,2024/07/12 07:16:00,2024-07-12 09:57:19.069980,1,Sem Informação,2,SIPCS,17000,4000,2.69,2024-07-12
INC1000475,2024/05/25 20:47:00,2024-05-25 22:13:27.157513,1,Sem Informação,0,SIISO,17000,2000,1.44,2024-05-25
INC1000476,2024/11/12 14:17:00,2024-11-12 20:50:54.539227,0,Grave,0,SIPAS,21000,2000,6.57,2024-11-12
INC1000477,2024/08/12 23:00:00,2024-08-13 00:01:38.614541,0,Crise,0,SISAG,21000,1000,1.03,2024-08-12
INC1000478,2024/12/22 01:21:00,2024-12-22 04:28:37.176728,0,Grave,0,SIPAS,21000,2000,3.13,2024-12-22
INC1000479,2024/05/08 12:53:00,2024-05-08 16:47:39.941136,1,Sem Informação,0,SIISO,8000,4000,3.91,2024-05-08
INC1000480,2024/04/11 14:47:00,2024-04-12 02:38:24.936520,1,Sem Informação,2,SISAG,21000,4000,11.86,2024-04-11
INC1000481,2024/01/22 23:59:00,2024-01-23 00:54:38.983053,1,Sem Informação,2,SISAG,7000,2000,0.93,2024-01-22
INC1000482,2024/04/21 03:15:00,2024-04-21 04:53:08.869944,1,Sem Informação,0,SIPAS,21000,3000,1.64,2024-04-21
INC1000483,2024/01/22 18:50:00,2024-01-22 21:44:33.922391,1,Sem Informação,0,SIPAS,21000,2000,2.91,2024-01-22
INC1000484,2024/11/12 10:59:00,2024-11-12 15:27:49.507268,1,Sem Informação,0,SISPI,21000,3000,4.48,2024-11-12
INC1000485,2024/04/29 10:35:00,2024-04-29 21:01:39.130846,1,Sem Informação,0,SISAG,17000,2000,10.44,2024-04-29
INC1000486,2024/05/08 01:31:00,2024-05-08 09:51:30.741412,0,Grave,0,SISAG,21000,1000,8.34,2024-05-08
INC1000487,2024/11/02 17:10:00,2024-11-02 18:12:33.321024,1,Sem Informação,0,SIMPI,17000,3000,1.04,2024-11-02
INC1000488,2024/09/16 12:46:00,2024-09-16 13:19:55.870193,1,Sem Informação,0,SISPI,17000,2000,0.57,2024-09-16
INC1000489,2024/10/02 12:12:00,2024-10-02 14:26:29.119411,0,Crise,0,SIPCS,21000,1000,2.24,2024-10-02
INC1000490,2024/12/03 02:02:00,2024-12-03 13:01:16.591994,0,Crise,0,SIISO,21000,1000,10.99,2024-12-03
INC1000491,2024/09/07 16:39:00,2024-09-07 23:34:50.995779,1,Sem Informação,2,SINBC,17000,2000,6.93,2024-09-07
INC1000492,2024/02/10 14:51:00,2024-02-10 16:36:47.668244,1,Sem Informação,0,SILCE,17000,3000,1.76,2024-02-10
INC1000493,2024/09/27 01:46:00,2024-09-27 03:19:49.197316,1,Sem Informação,0,SIISO,22000,2000,1.56,2024-09-27
INC1000494,2024/04/07 06:33:00,2024-04-07 09:02:42.348629,1,Sem Informação,0,SIPAS,17000,3000,2.5,2024-04-07
INC1000495,2024/10/22 11:43:00,2024-10-22 14:32:42.053670,0,Crise,0,SIPBS,21000,1000,2.83,2024-10-22
INC1000496,2024/11/03 14:59:00,2024-11-03 16:35:10.952951,1,Sem Informação,0,SISPI,7000,3000,1.6,2024-11-03
INC1000497,2024/06/14 19:15:00,2024-06-14 20:29:55.494514,1,Sem Informação,2,SIPCS,22000,2000,1.25,2024-06-14
INC1000498,2024/07/22 00:46:00,2024-07-22 02:15:44.475350,1,Sem Informação,0,SIBEC,21000,4000,1.5,2024-07-22
INC1000499,2024/04/23 06:54:00,2024-04-23 10:06:01.190707,1,Sem Informação,0,SIMPI,22000,3000,3.2,2024-04-23
